,Date,Headline
1,2011-10-06 20:22:42,USDA Boxed Beef Cutout Closing Prices for October 6
2,2011-10-06 19:00:00,U.S. September Small Business Jobs Summary
3,2011-10-06 14:45:34,Greece’s GSEE Says Won’t Meet For Talks With Troika in Athens
4,2011-10-06 18:34:41,"Clean-Tech Companies Should Get 10-Year Tax Breaks, Hundt Says"
5,2011-10-06 07:56:54,"U.K. Pound Weakens Versus Dollar Before BOE Bond-Purchase, Rate Decision"
6,2011-10-06 22:26:57,Afghanistan Gets Preliminary Agreement on $129 Million IMF Loan
7,2011-10-06 20:58:14,"Germany, France Split on EFSF Bond Purchases, Handelsblatt Says"
8,2011-10-06 14:13:52,Farmland Seen Returning Up to 12% by U.S. Pensions Manager
9,2011-10-06 15:04:05,Airbus German Workers Plan Work Stoppage on Contract Dispute
10,2011-10-06 18:05:41,Fans Hold IPhone-Lit Vigils for Steve Jobs
11,2011-10-06 06:07:59,"France Working on Contingency Bank Stakes Plan, Figaro Says"
12,2011-10-06 13:14:35,Uganda Coffee Development Authority’s Robusta Prices
13,2011-10-06 20:26:24,New York Times Climbs After Mexican Billionaire Carlos Slim Boosts Stake
14,2011-10-07 12:16:01,Irish Trophy Home Plunges 75% in Price as Property Millionaires Disappear
15,2011-10-06 10:38:35,"Hungary Focusing on Debt, Deficit Reductions in 2012, Simor Says"
16,2011-10-06 04:01:00,U.S. Apartment Vacancies Drop to Five-Year Low as Demand Begins to Slow
17,2011-10-06 22:28:34,SEC Claims Author Used Ponzi Scheme to Repay Prior Fraud Victims
18,2011-10-06 19:23:41,"Gold, Silver Futures Advance in New York as Commodities, Equities Rally"
19,2011-10-06 15:55:40,"Polish Stocks: KGHM, PKO Bank, PZU, TVN Shares Move in Warsaw"
20,2011-10-06 12:50:46,"Trichet Says ECB to Offer Longer Loans, Will Resume Covered-Bond Purchases"
21,2011-10-06 21:04:59,"Moderate Brazil Rate Cuts Fit 2012 CPI Goal, Tombini Says"
22,2011-10-06 13:01:00,"Australian Homes for Sale Jump 5.6% in September, SQM Says"
23,2011-10-06 16:00:52,Obama Says China Aggressive in ‘Gaming’ Trading System to Its Advantage
24,2011-10-06 04:01:00,False Default Signal Seen With Swaps Cost Most Since January: Muni Credit
25,2011-10-06 11:31:18,"RadVision Advances Most in a Week, Paring Gap With U.S. Shares"
26,2011-10-07 05:43:30,"Vietnam Raises a Key Rate to Support Dong, Fight Inflation"
27,2011-10-06 10:40:45,Orix May Buy U.S. Asset Manager to Enter Equity Market
28,2011-10-06 03:47:09,"Philippine Customs September Collection Below Goal, Biazon Says"
29,2011-10-06 21:24:10,Baum’s Foreclosure Law Firm Agrees to Pay U.S. $2 Million Over Practices
30,2011-10-06 06:48:48,Lukoil May Invest $300 Mln in Romanian Project: Ziarul Financiar
31,2011-10-06 02:48:46,"New Zealand Dollar Falls Against U.S. Currency, Yen, Trades at 76.42 Cents"
32,2011-10-06 10:56:56,"Dubai Stocks Gain, End 7-Day Drop, on Arabtec Contract, Europe"
33,2011-10-06 05:15:23,"PepsiCo May Purchase Russian Drinksmaker Deka, Kommersant Says"
34,2011-10-06 14:20:44,Harvard Loses Top World University Ranking for First Time
35,2011-10-07 07:10:54,Hana Financial Pushes for Korea Exchange Takeover After Lone Star Ruling
36,2011-10-06 13:32:15,GE Study Finds Recession’s Job Creators Still See Sales Gain
37,2011-10-06 21:35:53,FCC to Revamp Phone Subsidy to Spur Expanded Internet Access
38,2011-10-06 14:16:51,Bulgaria Files $81 Million Arbitration Claim Against Rosatom
39,2011-10-06 06:59:00,"Breguet Sales to Exceed 500 Million Francs, Hayek Tells Blick"
40,2011-10-06 07:30:12,Saft Chief Says Infrastructure So Far Proving Resilient to Debt
41,2011-10-06 23:26:31,"Hana Financial, Korea Exchange, Samsung: Korea Equity Preview"
42,2011-10-06 12:37:16,"Jordan Central Bank Reserves at 1.16 Billion Dinars, Petra Says"
43,2011-10-06 15:09:18,"EU Corn Crop to Jump 15% on France, Romania, Coceral Says"
44,2011-10-06 05:01:00,Peru May Keep Interest Rate at 4.25% for a Fifth Month on Global Slowdown
45,2011-10-06 07:03:32,Euro-Area Leaders to Hold Summit in Brussels on Oct. 18
46,2011-10-06 05:53:03,"Porsche Takes Charges From VW on Purchases, Handelsblatt Says"
47,2011-10-06 08:23:11,Spain September Fotocasa.es House Price Index
48,2011-10-06 01:00:00,South Korea Sees Wider Current-Account Surplus for Last Month
49,2011-10-06 19:39:07,U.S. Iron and Steel Scrap Exports by Country for June
50,2011-10-06 11:19:45,Bank Default Risk Declines in Europe on Recapitalization Wagers
51,2011-10-06 11:31:37,"Ukraine’s Grain Harvest Advances by 17%, UkrAgroConsult Says"
52,2011-10-06 02:24:43,SMBC Nikko Investigated by Japan Watchdog for Insider Trading
53,2011-10-06 10:20:35,Japan’s Trade Minister to Meet Adnoc Chief to Extend Oil Rights
54,2011-10-06 14:00:46,U.S. Aug. Single Family Detached Home Prices
55,2011-10-06 04:01:00,Coal-Price Stability Signals Opportunity in Stock Plunge: Chart of the Day
56,2011-10-07 13:46:20,Investors Pull $113 Million From U.S. Muni-Bond Funds
57,2011-10-06 16:48:44,Obama to Run Against ‘Do-Nothing’ Congress If Jobs Legislation Fails
58,2011-10-06 04:45:43,Hong Kong Doesn’t Plan to Ban Short Selling; Sale Is Normal
59,2011-10-06 06:22:35,Treasury 30-Year Securities Fall; Yield Rises Two Basis Points to 2.87%
60,2011-10-13 04:00:00,"South Africa Daybook: Mining Output, Zuma, Farmers and Phones"
61,2011-10-06 05:37:51,OMV Petrom Says Started Operations at Romanian Wind Park
62,2011-10-06 13:09:36,Cocoa Options Show Increase in Bets on Price Rise by December
63,2011-10-06 06:40:27,Sri Lanka’s Dheerasinghe Says Inflation May Ease to Below 6%
64,2011-10-06 19:05:01,House Panel Seeks Details on IRS Investigations of Nonprofits
65,2011-10-06 06:30:06,1st Holdings Revises Planned FY Group Dividend to 21.45 Yen
66,2011-10-06 12:56:28,U.K. Sues Over ECB Limits on Clearing Euro-Denominated Trades
67,2011-10-06 07:53:25,"Philippines to Import 4,000 Tons of Onions From China, Holland"
68,2011-10-06 01:36:54,"South Korean Stocks Movers: Hana Financial, LG Electronics"
69,2011-10-06 01:40:48,Remittances to Vietnam Thru July Rose 43 Percent to $5.6 Billion
70,2011-10-06 17:00:12,Emdeon Said to Set Rate on $1.2 Billion Term Loan for LBO
71,2011-10-06 05:19:40,PV Oil Seeks to Buy Gasoline Cargoes for Delivery in November
72,2011-10-23 05:50:33,"Major League Baseball’s Postseason Schedule, Results"
73,2011-10-06 06:30:06,S-Pool Inc Announces Planned FY Group Dividend of 0.00 Yen
74,2011-10-06 13:29:44,Ukraine September Producer Prices: Summary
75,2011-10-06 10:49:59,Lippo Karawaci Plans to Spend $275 Million on Capex Next Year
76,2011-10-06 05:07:59,"Russia May Revise Tobacco, Alcohol Tax Quarterly, Vedomosti Says"
77,2011-10-06 10:29:46,California’s Underground Hot Rocks Probed for Energy of 100 Nuclear Plants
78,2011-10-06 17:10:09,"CO2 Plunge May Create Funding Gap for Carbon Capture, PwC Says"
79,2011-10-06 11:59:14,"Polish Stocks: Getin, KGHM, Lotos, Orlen, PKO Bank, PZU, TVN"
80,2011-10-06 15:30:11,U.S. Stock Options With Biggest Changes in Implied Volatility
81,2011-10-06 08:59:25,Philippine Peso Advances as U.S. Economic Data Buoys Sentiment
82,2011-10-06 20:10:03,Congress Ready to Vote on Three Free-Trade Accords Within Week
83,2011-10-06 12:19:24,"Dodd-Frank, Cybersecurity, Tax Holiday, Finra: Compliance"
84,2011-10-21 09:09:58,Kelusa Capital China Seeks Money for Fund After Gains
85,2011-10-06 01:37:27,Vietnam Jan-July Balance of Payments Surplus Exceeds $5 Billion
86,2011-10-06 12:30:01,Canada August Building Permits: Statistical Summary
87,2011-10-06 13:44:26,"South African Commodities Trader Mochron Plans IPO, CEO Says"
88,2011-10-06 07:15:27,German Two-Year Notes Rise; Yield Falls 2 Basis Points to 0.48%
89,2011-10-07 07:04:47,Doctor Accused of Aiding Bin Laden Raid May Face Treason Charge
90,2011-10-06 15:25:25,"Croatia’s Agrokor Must Finish Belje Takeover, Regulator Says"
91,2011-10-06 06:14:59,"SocGen Sees Limited Greek Impact, Cabannes Tells Handelszeitung"
92,2011-10-06 08:28:14,Norway Boosts Mongstad Carbon-Storage Site Cost to $985 Million
93,2011-10-06 00:12:00,"IShares Silver Trust Holdings Unchanged at 9,991 Metric Tons"
94,2011-10-06 03:29:53,Philippines Cancels 10-Year Treasury Bond Auction on Oct. 11
95,2011-10-07 08:19:32,"Samsung Profit Beats Estimates as Galaxy Smartphones Challenge Apple, HTC"
96,2011-10-06 20:27:06,U.S. Companies Issuing Profit Outlooks for Oct. 6
97,2011-10-06 09:18:42,"Indonesia Stock Movers: Astra International, Energi Mega, Telkom"
98,2011-10-06 13:30:17,Ukraine September Consumer Prices by Category
99,2011-10-06 13:00:07,South Sudan Expects to Earn $2.14 Billion From Oil Since July
